{"OpenedDocuments":"[\"Framework/InitAllApplications.xaml\",\"SAP Logon Application/SAP_Login.xaml\",\"Main.xaml\"]","ProjectBreakpoints":"{\"Value\":{\"SAP Logon Application/SAP_Login.xaml\":[{\"ConditionalExpression\":null,\"ActionExpression\":null,\"ExpectedHitCounter\":null,\"ShouldContinueAfterAction\":false,\"IsEnabled\":true,\"ActivityIdRef\":\"Sequence_13\",\"ActivityId\":\"1.3\",\"ActivityName\":\"Sequence\"}],\"Main.xaml\":[{\"ConditionalExpression\":null,\"ActionExpression\":null,\"ExpectedHitCounter\":null,\"ShouldContinueAfterAction\":false,\"IsEnabled\":true,\"ActivityIdRef\":\"Sequence_25\",\"ActivityId\":\"1.367\",\"ActivityName\":\"Retrieve Data\"}]}}","ProjectWatches":"{\"Value\":[]}"}